,Train Mean,Test Mean,Train Std,Test Std,Train Min,Test Min,Train Max,Test Max,Mean Diff %
COSMIC Read,0.0884639840130802,0.06799784133837021,0.15409419571660715,0.08676894216497069,0.0,0.0,1.0,0.3467889908256881,23.13499735461174
COSMIC Entry,0.05194404542693803,0.04446608244076598,0.11295455325052627,0.09244864251910238,0.0,0.0,1.0,0.5258033106134372,14.396186290633741
Functional Size,0.08799747854153533,0.07668553299730614,0.15672911101937578,0.1338757176007413,0.0,0.0004786979415988511,1.0,0.6620392532312112,12.85485044143037
COSMIC Exit,0.06083325374338077,0.054452220330790405,0.12450640127743683,0.1329393550693603,0.0,0.0,1.0,0.7984994640943194,10.48938199256929
Project Elapsed Time,0.23107813838637892,0.2140840772106508,0.17523181277813837,0.13553112347477975,0.0,0.0040763387066889015,1.0,0.4441356309060589,7.354248462867566
COSMIC Write,0.04937707792919513,0.05137110194631358,0.11522949281893195,0.10267680848727637,0.0,0.0,1.0,0.5239852398523985,4.0383588841403615
Max Team Size,0.11482236458940008,0.1170703575547866,0.1690073482317222,0.1661710250100387,0.0,0.0,0.9999999999999999,0.8529411764705882,1.9578004491069376
